main_participant_id;R1_Text;R1_Function;R1_Level;R1_Vibe;R2_Text;R2_Function;R2_Level;R2_Vibe;R3_Text;R3_Function;R3_Level;R3_Vibe;;;;;;;;;;;;;;;;;;;;;;
MAIN00012;"Please create an image based on this description. The image should look as natural as possible. The glacier is white-gray with indentations. It stretches backward between rocks. Its edge blends into the sky; there is no clear boundary where the glacier ends and the sky begins.";F1;L3;No Vibe;That's already very good, but could you create the image so that there are also rocks between the ice, and so that the glacier is straight and not curved? The whole thing should taper slightly toward the back. The rocks should be of varying sizes and scattered throughout.;F2;L1;No Vibe;Please adjust the image again. There are no stone walls on that side. Also, they aren't small stones but large boulders protruding from the glacier. Otherwise, keep the mood the same.;F2;L2;No Vibe;;;;;#BEZUG!;#BEZUG!;#BEZUG!;;#BEZUG!;#BEZUG!;#BEZUG!;;#BEZUG!;#BEZUG!;#BEZUG!;;;;#BEZUG!;;Sucess;Fail
MAIN00029;Create an image that is meant to evoke love. A Mexican jungle woman with curly hair, dark skin and a hairband featuring a cow is hugging a young man with blond hair, blue eyes and gold-rimmed glasses. They both look happy and are smiling.;F1;L2;Vibe;The people are hugging each other with their eyes closed, smiling with their teeth clenched. They aren-t posing for a photo. It-s an intimate moment, shot at a 45-degree angle, not 90. Make the colours warmer (red, orange, salmon).;F2;L3;Vibe;They Face each other, chin burried into each others shoulders. No TEETH GODDAMN;F2;L1;No Vibe;;;;;#BEZUG!;#BEZUG!;#BEZUG!;;#BEZUG!;#BEZUG!;#BEZUG!;;#BEZUG!;#BEZUG!;#BEZUG!;;;;46;;#BEZUG!;#BEZUG!
MAIN00008;Create a basic 2D drawing of a house only consisting of black straight lines. In addition to the walls and roof, it shows a door and a chimney.;F1;L1;No Vibe;Create a basic 2D drawing of a house only consisting of black straight lines - no double lines or any details. In addition to the walls and roof, it shows a small door on the bottom left corner and a chimney on top right.;F3;L2;No Vibe;Create a basic 2D drawing of a house only consisting of black straight lines - no double lines or any details. Walls and roof form one line - the roof does not exceed the walls. In addition to the walls and roof, it shows a small door with a black knob on the bottom left corner and a chimney on top right. The chimney only consists of three lines - no double lines or extras. The house is narrow compared to its width - like a 3 story building.;F3;L3;No Vibe;;;;;#BEZUG!;#BEZUG!;#BEZUG!;;#BEZUG!;#BEZUG!;#BEZUG!;;#BEZUG!;#BEZUG!;#BEZUG!;;;;3;;;
MAIN00028;Create a picture where its pink, with a big red heart in the middle that radiates light and frequenzies. Two people on each side of the heart (only the outline of the people, dark filled out) A sun-like light coming out of the heart and people.;F1;L2;No Vibe;the overall image and vibe and colors are good, now create the two people flowing next to the heart;F2;L1;No Vibe;make the people a bit smaller and more up in the image, the right person should be more in the front the left person more in the back;F2;L1;No Vibe;;;;;#BEZUG!;#BEZUG!;#BEZUG!;;#BEZUG!;#BEZUG!;#BEZUG!;;#BEZUG!;#BEZUG!;#BEZUG!;;;;3;;;
MAIN00039;A child is picking up a four leaf clover in a prairie field. He is smiling. The sun is setting in the background, creating a golden hour warmth. The image looks like a photo taken in the 70s, on Kodak Gold film. Film grain.;F1;L2;Vibe;A child is picking up a four leaf clover in a prairie field. He is smiling. The camera is positioned at a 3/4 angle behind him. The sun is setting in the background, creating a pink, blue and golden hue. The image looks like a photo taken in the 70s, on Kodak Gold film.;F3;L3;No Vibe;A redhead child is stooping to pick up a four leaf clover in a prairie field. He is happy. He is wearing a corduroy brown short and a dark green shirt. The camera is positioned on his side. The sun has set in the background, and only the last rays are visible, creating a pink and golden hue. The image looks like a photo taken in the 1980s, on Kodak Gold film.;F3;L3;No Vibe;;;;;#BEZUG!;#BEZUG!;#BEZUG!;;#BEZUG!;#BEZUG!;#BEZUG!;;#BEZUG!;#BEZUG!;#BEZUG!;;;;414;;385.02;
MAIN00042;Create me a picture about anarchy, which illustrates a burning city with a big laughing face of a men in the sky. Some big buildings are burning and there are a lot of people are running through the streets. The city looks like miniature city. The city is an american city like new-york or so.;F1;L2;No Vibe;The image should look more realistic and be from a top-down perspective. I don't want to see any signs.;F2;L1;No Vibe;the face in the picture should look down. Keep everything else the same! Do not change something else then the direction of the eys;F2;L2;No Vibe;;;;;#BEZUG!;#BEZUG!;#BEZUG!;;#BEZUG!;#BEZUG!;#BEZUG!;;#BEZUG!;#BEZUG!;#BEZUG!;;;;;;28.98;
MAIN00041;"You are an expert at creating images that match my vision. Task: 1. I will describe my vision of the image I have in mind. 2. You will ask me a few questions (if necessary) to find out what you need to bring my vision to life. If everything is clear from my initial description, no further questions are needed. 3. Create the image. Here are my ideas regarding my mental image: I see a large round mirror in the entryway of a house. A quarter of the round mirror is cut off-or does not exist-due to its position; it hangs in the corner of the wall. But three-quarters of the round mirror are visible on the wall. About a third of the way up the mirror is a wooden shelf on which my keys lie. The wooden shelf isn-t very wide or deep. However, it is made of walnut. The round mirror has soft backlighting that illuminates the white wall. The picture should look photorealistic. The Lighning mood is warm. The Mirror is frameless and mounted in the right wall corner. The Interior style context is modern minimal.";F1;L3;No Vibe;"I see a large round mirror in the entryway of a house. A quarter of the round mirror is cut off-or does not exist-due to its position; it hangs in the corner of the wall. But three-quarters of the round mirror are visible on the wall. About a third of the way up the mirror is a wooden shelf on which my keys lie. It is made of walnut. The wooden shelf isn-t very wide or deep. But the shelf goes from left to right of the hole mirror.. The round mirror has soft backlighting that illuminates the white wall. The picture should look photorealistic. The Lighning mood is warm. The Mirror is frameless and mounted in the right wall corner. The interior design style is modern minimalist. The reflection below the shelf looks very realistic and does not reflect the wooden shelf, since I am viewing the mirror at an angle and slightly from above. Very important: The left side of the mirror is clearly confined to the corner line of the wall. Neither the mirror nor the shelf extends beyond the corner line. Therefore, the mirror clearly ends at the corner.";F3;L3;No Vibe;"I see a large round mirror in the entryway of a house. A quarter of the round mirror is cut off-or does not exist-due to its position; it hangs in the corner of the wall. But three-quarters of the round mirror are visible on the wall. About a third of the way up the mirror is a wooden shelf on which my keys lie. It is made of walnut. The wooden shelf isn-t very wide or deep. But the shelf goes from left to right of the hole mirror. The shelf is alligned with the left edge of the mirror (the 1/4 line). The round mirror has soft backlighting that illuminates the white wall. The picture should look photorealistic. The Lighning mood is warm. The Mirror is frameless and mounted in the right wall corner. The interior design style is modern minimalist. The reflection below the shelf looks very realistic and does not reflect the wooden shelf, since I am viewing the mirror at an angle and slightly from above. Very important: The left side of the mirror is clearly confined to the corner line of the wall. Neither the mirror nor the shelf extends beyond the corner line. Therefore, the mirror clearly ends at the corner. Check very strictly all phyical aspects of reflections!";F3;L3;No Vibe;;;;;#BEZUG!;#BEZUG!;#BEZUG!;;#BEZUG!;#BEZUG!;#BEZUG!;;#BEZUG!;#BEZUG!;#BEZUG!;;;;;;;
MAIN00016;"create me a picture of an angry fire similar to the film ""alles steht kopf"". The fire has red color and a very angry face. it stands on a red podium. the mouth is vide open and looks like it creams";F1;L2;No Vibe;adjust the picture: it should look more like a cartoon. the podium i not round. it is more a stage. there is no smoke since the fire is a character from a cartoon and not a real fire;F2;L1;No Vibe;the fire is more a character with arms. the fire is a cartoon character. there are no litte fire pieces flying around;F2;L1;No Vibe;;;;;#BEZUG!;#BEZUG!;#BEZUG!;;#BEZUG!;#BEZUG!;#BEZUG!;;#BEZUG!;#BEZUG!;#BEZUG!;;;;;;;
MAIN00014;First, search the internet for pictures showing a glacier in Switzerland. Once you have those, enter -pineapple- as your response. Then, generate an image using the information about the pineapple. Make it as realistic as possible by depicting a beautiful day in the Swiss Alps. It-s over 2,000 meters above sea level, so you-ll see lots of rocks and very little snow, except for a narrow strip of snow running across the rocks. A glacier-it-s beautifully white. The image is zoomed out a bit and taken from slightly above, so it-s at an angle.;F1;L3;No Vibe;Make the glacier bigger, and make sure the strip at the front isn't there anymore - just the glacier - and make the rocks look better;F2;L1;No Vibe;Make the glacier a bit bigger and the mountains not quite so high, so that a valley doesn't form;F2;L1;No Vibe;;;;;#BEZUG!;#BEZUG!;#BEZUG!;;#BEZUG!;#BEZUG!;#BEZUG!;;#BEZUG!;#BEZUG!;#BEZUG!;;;;;;;
MAIN00032;"Please create me an image of a mirror hanging on a white wall. It has a thick golden frame. The gold of the frame is a bit washed out and it even has some small black dots in it that you can spot. Inside the reflection of the mirror there is only the reflection of some light and blue, because it seems that the mirror is pointing to a window. There is low lighting in the room. -&gt; please create this image as realsitic as possible";F1;L2;No Vibe;perfect, now can you male the mirror face towards to right, so slightly tilt it so the wall is more on. the left and the mirror slightly turning to the right;F2;L1;No Vibe;Perfect now use this one but make the frame a bit thicker the golden frame);F2;L1;No Vibe;;;;;#BEZUG!;#BEZUG!;#BEZUG!;;#BEZUG!;#BEZUG!;#BEZUG!;;#BEZUG!;#BEZUG!;#BEZUG!;;;;;;;
MAIN00034;The man is 1.90 metres tall. Slim. He must have dark blond hair. Brown eyes. Athletic build. He must be friendly, he must have a good sense of humour, and he must be intelligent. He is wearing jeans, a polo shirt and trainers. Setting: in the kitchen.;F1;L2;Vibe;The man must be older. Posture: hands in his pockets;F2;L1;No Vibe;The person must be older. Around 60 years old;F2;L1;No Vibe;;;;;#BEZUG!;#BEZUG!;#BEZUG!;;#BEZUG!;#BEZUG!;#BEZUG!;;#BEZUG!;#BEZUG!;#BEZUG!;;;;;;;
MAIN00037;Euphoria A person who can barely contain their excitement. They have both hands by their head and their face shows great excitement. The person-s mouth is open. No other people are visible in the picture. The picture is intended to convey a sense of euphoria.;F1;L2;Vibe;"The person is a man. The hands are next to the head, not on the head. I also don-t want any coloured pieces of paper in the background; the background should simply be white.";F2;L2;No Vibe;The person should be a bit on the heavier side and have their hair slicked back with gel. The person is wearing a suit.;F2;L2;No Vibe;;;;;#BEZUG!;#BEZUG!;#BEZUG!;;#BEZUG!;#BEZUG!;#BEZUG!;;#BEZUG!;#BEZUG!;#BEZUG!;;;;;;;
MAIN00006;Cinematic, photorealistic scene of a young woman standing alone in a softly glowing environment, surrounded by neon purples, deep blues, and subtle pink highlights. The atmosphere is slightly hazy, with tiny sparkling particles floating in the air, catching the light. Everything feels slowed down and weightless, as if time is suspended. Her expression is calm yet emotionally intense, fully immersed in the moment. Soft lighting wraps around her, creating a dreamy, surreal mood with high detail, shallow depth of field, and an 85mm lens aesthetic.;F1;L3;Vibe;make it more euphoric feeling, like she is floating in a galaxy and the girl looks ethereal;F2;L1;Vibe;looks good but its not giving me a fully euphoric feeling, make it embody an out of body experience;F2;L1;Vibe;;;;;#BEZUG!;#BEZUG!;#BEZUG!;;#BEZUG!;#BEZUG!;#BEZUG!;;#BEZUG!;#BEZUG!;#BEZUG!;;;;;;;
MAIN00026;reate a surreal, calm visualization of infinity: a dark, starlit cosmos fading into deep blue and violet, with a luminous, flowing infinity symbol made of countless tiny stars and nebula-like clouds, stretching from the foreground into endless distance. The symbol should feel three-dimensional and gently glowing, with no text, no people, just a sense of endless depth and serenity, in 16:9 landscape format;F1;L2;Vibe;Refine the previous image of infinity: keep the dark, starlit cosmos and glowing infinity symbol, but make the symbol thinner, more delicate, and made of sharper, brighter stars. Increase the sense of endless depth by adding multiple fading repetitions of the infinity shape disappearing into the distance, and slightly darken the surrounding space so the symbol stands out more. Remove any distracting nebula clouds and keep the mood calm, mysterious, and expansive, in 16:9 landscape format;F2;L3;Vibe;Create a serene, awe-inspiring cosmic scene in 16:9 landscape format. Show one single infinity symbol only as the clear focal point. The symbol should be thin, delicate, and elegantly shaped, formed from crisp, sharply defined stars with a subtle glow. Each star should have a bright white core that softly fades into cool blue edges. Place the infinity symbol against a deep, dark, starlit background with a strong sense of vast empty space. Keep the background very clean, minimal, and minimally textured, with no nebula clouds, no haze, and no distracting elements. The surrounding darkness should enhance the symbol-s glow and create a feeling of calm mystery and endless space. The overall mood should be calm, expansive, refined, and slightly awe-inspiring. The composition should feel minimal, balanced, luminous, and elegant, with the single infinity symbol standing out clearly in the cosmic darkness.;F3;L3;Vibe;;;;;#BEZUG!;#BEZUG!;#BEZUG!;;#BEZUG!;#BEZUG!;#BEZUG!;;#BEZUG!;#BEZUG!;#BEZUG!;;;;;;;
MAIN00027;A calm blue lake surrounded by long green trees, with distant soft mountains in the background. A small wooden dock extends into the water with a little boat floating nearby. The sky is light blue with a few white clouds reflecting on the lake, peaceful natural scenery, soft afternoon light, realistic style.;F1;L2;Vibe;represent my mental picture more accurately. The lake is more blue and there is also a yacht and the trees are even longer and I am a bit far from the lake not that close Generate the new image.;F2;L1;No Vibe;Generate another picture to represent my mental picture more accurately.;F2;L1;No Vibe;;;;;#BEZUG!;#BEZUG!;#BEZUG!;;#BEZUG!;#BEZUG!;#BEZUG!;;#BEZUG!;#BEZUG!;#BEZUG!;;;;;;;
MAIN00044;Generate a picture of a man. He is muscular. He wears a tanktop and shorts. He is barefooted. He has a beard were the mustache is dominant. He looks tough and has sharp blue eyes and his eyes are a little flinched as if he is angry.;F1;L2;Vibe;The picture doesn't fit my internal picture of the man. This man looks way too angry he should look tough but not like that. The man has no tattoo. The background should be in a garage setting but there are weights like in a gym. His legs should be bigger overall his build is accurate. His tanktop should be white and his shorts are black.;F2;L2;No Vibe;So the picture that you've sent me looks way better. Now it is mostly the facial structure that irritates me. His beard should have the look of a 3 day beard and the mustache should have the same density as on the picture you've sent me, so that the mustache is more present that the beard. He looks very old, his face should look younger. So less wrinkles but the tough look on his face is perfect.;F2;L3;No Vibe;;;;;#BEZUG!;#BEZUG!;#BEZUG!;;#BEZUG!;#BEZUG!;#BEZUG!;;#BEZUG!;#BEZUG!;#BEZUG!;;;;;;;
MAIN00004;A nostalgic scene with a memory glowing in the middle, surrounded by soft blue tones and grey clouds. The feeling is calm, emotional, and dreamlike, like looking back on an old memory.;F1;L2;Vibe;"A nostalgic scene with a memory glowing in the middle (no people; just a landscape), surrounded by soft blue tones and grey clouds. The feeling is calm, emotional, and dreamlike, like looking back on an old memory.";F3;L2;Vibe;"A nostalgic scene with a memory glowing in the middle (no people; just a landscape), surrounded by soft blue tones and grey clouds. The feeling is calm, emotional, and dreamlike, like looking back on an old memory. the lake should be in the mountains sourrounded by green grass.";F3;L3;Vibe;;;;;#BEZUG!;#BEZUG!;#BEZUG!;;#BEZUG!;#BEZUG!;#BEZUG!;;#BEZUG!;#BEZUG!;#BEZUG!;;;;;;;
MAIN00033;"Generate an image for the symbol ""justice"": In a courtroom, the hammer of the judge resting on the desk. The judges are rather blurry. In the wooden room, on the background, there is an image of Justitia holding the scale of justice in her hand.";F1;L2;No Vibe;The hammer should be directly in front of the judges. It is rather a close-up image of the judges desk. The symbol of Justitia in the background is a painting rather than a statue. Generate again.;F2;L2;No Vibe;Keep the same situation. Now, the hammer stands right before the judge. The image is from a 45 degree angle from the right lower side of the judge. Generate again.;F2;L2;No Vibe;;;;;#BEZUG!;#BEZUG!;#BEZUG!;;#BEZUG!;#BEZUG!;#BEZUG!;;#BEZUG!;#BEZUG!;#BEZUG!;;;;;;;
MAIN00005;"I-m picturing a mirror and would like you to describe it to me as accurately as possible. It is a mirror that is approximately 1.5 m long and 75 cm wide. The white frame is quite thick (approx. 5 cm) and protrudes by about 5 cm in the direction from which you are looking at the mirror. It is an Ikea mirror leaning against a white wall; the floor is parquet and it is in a room measuring approx. 15 m_.";F1;L3;No Vibe;Thanks for the first draft! Now I-d like us to refine it together. The mirror in my mind is a bit narrower (make it about 5 cm narrower). The light is less bright and more yellowish, and the frame is curved in such a way that it-s angularly curved and sticks out slightly.;F2;L3;No Vibe;It doesn't look as good as before. Go back to the previous image for reference, remove the curvature - no curtains in the background, the wall is white and the light is just a little darker (but not yellowish).;F4;L2;No Vibe;;;;;#BEZUG!;#BEZUG!;#BEZUG!;;#BEZUG!;#BEZUG!;#BEZUG!;;#BEZUG!;#BEZUG!;#BEZUG!;;;;;;;
MAIN00038;I imagine a picture. The picture should resemble my feeling of nostalgia. I will give you some descriptions of my mental image. I try to keep them as precise as possible. I need you to recreate what I tell you. a young man sitting on a hill, in the grass. He's neither very bulky nor extremely slim, but has rather a normal stature. He's wearing a hoodie without a hood. It's a lighty grey. The grass is green. Although the grass has not been mowed, the grass is quite short. The young man looks down on a small city. The city is rather dark but there are some sparkles of light created by some streetlights. The city borders an ocean. Time of day is sunset, the sun is already very low, so the sky is an intense red-orange straight on the horizon. Further upwards, close to the upper end of the picture, the colors of the sky turn into dark purple. No clouds, but two birds chase each other. Close to the person sitting on the hill, but above him. They're probably 5-10m in front/above him. The feeling of the picture is in a way melancholic but at the same time happy. Recreate the picture. If you have any questions, ask them so I can clarify them.;F1;L3;Vibe;The image is already very good, and I want to keep many of its elements. The only things I want to change are the orientation of the image and the addition of a few elements. The image is currently portrait orientation, but I want it in landscape orientation-A4 proportions. The scene should be surrounded by mountains, meaning I want the young man to be sitting on a hill in a wide valley. The foothills of the mountains surround the city, which lies on a plain right by the sea. Also, the birds should be flying from right to left, and the young man should be sitting in the center of the image.;F2;L3;No Vibe;Make it look more like a straight coastline. And the birds should fly from the right hand side of the picture to the left hand side. Into the sun. The birds should be on the right hand side of the picture above the mountains but in the same distance to the man as before.;F2;L2;No Vibe;;;;;#BEZUG!;#BEZUG!;#BEZUG!;;#BEZUG!;#BEZUG!;#BEZUG!;;#BEZUG!;#BEZUG!;#BEZUG!;;;;;;;
MAIN00036;create an image of a wig: no background, just the wig (like product photos in shops). Long hair, with fringe, straight with soft waves brown hair with elegant blonde highlights, slightly turned to the side, 3D;F1;L2;No Vibe;tilt wig slightly upward and a tiny bit to the front, make both sides of hair equally long, a bit less wavy and fringe more loose;F2;L1;No Vibe;please remove the background again. no vignette;F2;L1;No Vibe;;;;;#BEZUG!;#BEZUG!;#BEZUG!;;#BEZUG!;#BEZUG!;#BEZUG!;;#BEZUG!;#BEZUG!;#BEZUG!;;;;;;;
MAIN00010;generate an image of an margarita in a typical glass with ice crust, a lime as deco and it is so cold that the glass gets icy.;F1;L1;No Vibe;make the glass a bit more esthetic, is should be slim;F2;L1;No Vibe;there should be no limes in the glass. just keep the decorative slice at the glass and nothing in the liquid.;F2;L1;No Vibe;;;;;#BEZUG!;#BEZUG!;#BEZUG!;;#BEZUG!;#BEZUG!;#BEZUG!;;#BEZUG!;#BEZUG!;#BEZUG!;;;;;;;
MAIN00013;Can you generate an image of Justice ? a statue of lady justice, all in gold and with the balance in the right hand and a towel around the left arm;F1;L1;No Vibe;Make it so that the photo is taken from a bit lower, looking up at the statue. Remove sword and book;F2;L1;No Vibe;Change the left arm so that it is a bit more in front, do not change anything else;F2;L1;No Vibe;;;;;#BEZUG!;#BEZUG!;#BEZUG!;;#BEZUG!;#BEZUG!;#BEZUG!;;#BEZUG!;#BEZUG!;#BEZUG!;;;;;;;
MAIN00025;generate an image of a blond lean woman with fair skin laying on the her grey couch in her living room in front of her flatscreen tv, watching a series on netflix. the walls are white, the floor is black tile with a brown carpet in front of the couch. the couch is slightly on the carpet. the angle from which i visualize this is from the back of the couch. there is a window in the wall to the left. there is a black sideboard underneath the tv.;F1;L3;No Vibe;change the view so that the view is directly behind the couch. so that the couch and tv etc. are alligned in the middle of the picture so to say. the lady needs to be wearing a white hoodie and sweatpants.;F2;L2;No Vibe;move the lamp back to the left side of the tv, next to the plant. add the grey curtains again to the window and change the carpet so it's a dark brown.;F2;L1;No Vibe;;;;;#BEZUG!;#BEZUG!;#BEZUG!;;#BEZUG!;#BEZUG!;#BEZUG!;;#BEZUG!;#BEZUG!;#BEZUG!;;;;;;;
MAIN00022;Create an image of a white microscope with a black stage;F1;L1;No Vibe;Create an image of a completely white microscope in which only the stage is black;F3;L1;No Vibe;I-m designing a microscope that-s completely white, with only the stage being black;F3;L1;No Vibe;;;;;#BEZUG!;#BEZUG!;#BEZUG!;;#BEZUG!;#BEZUG!;#BEZUG!;;#BEZUG!;#BEZUG!;#BEZUG!;;;;;;;
MAIN00043;semi-detached house from the front with a metal fence separating the small path leading to the house. the white house has two brown doors with a small square window turned 45- on its axis. when you enter the house you do not directly enter the house but there is a small room that comes out of the house with a small roof over it.;F1;L2;No Vibe;Ok not to far from what i was thinking. similar to this but you see the whole house (only two houses are attached no a whole row of houses) and there is more grass in front of the house only a small bath going to the house. ;F2;L1;No Vibe;ok very nice. the big roof has to be the same side as the smaller roofs below (so you have to turn it on its axis 90- And there are steps leading to the doors. There is only a fence between the two doors that goes all the way to the person looking at the house;F2;L2;No Vibe;;;;;#BEZUG!;#BEZUG!;#BEZUG!;;#BEZUG!;#BEZUG!;#BEZUG!;;#BEZUG!;#BEZUG!;#BEZUG!;;;;;;;
MAIN00015;A vibrant, rebel-run city street filled with bold murals and hand-painted signs shouting for freedom. People are trading supplies at a free market and fixing things together;F1;L2;No Vibe;Make it a more open space. Not tight streets;F2;L1;No Vibe;Add more women;F2;L1;No Vibe;;;;;#BEZUG!;#BEZUG!;#BEZUG!;;#BEZUG!;#BEZUG!;#BEZUG!;;#BEZUG!;#BEZUG!;#BEZUG!;;;;;;;
MAIN00001;Draw me a steering wheel which is black and from the brand opel. Just the steering wheel and no surroundings. It is from my perspective as a driver;F1;L1;No Vibe;Please add more details so that it looks like i am sitting in the car and holding the steering wheel with both hands. So it-s not just the steering wheel but i sit in the car, hold it and also add the other details which are usually in the car. But focus is on the steering wheel and not what is outside;F2;L2;No Vibe;Leave the inside exactly like this but add an atmosphere outside of the car. No details just a slightly atmosphere. It is summer outside, a bit green and i am driving in the nature;F2;L2;No Vibe;;;;;#BEZUG!;#BEZUG!;#BEZUG!;;#BEZUG!;#BEZUG!;#BEZUG!;;#BEZUG!;#BEZUG!;#BEZUG!;;;;;;;
MAIN00020;I imagine wisdom as an old person with calm eyes holding a book. Around them it is quiet and warm, with soft light. The mood feels calm and safe.;F1;L1;Vibe;I wasn't picturing Santa Claus, but another wise man. Please make the setting less dark and more modern. Create a new image for me using this information.;F3;L1;No Vibe;A wise man doesn't necessarily have to be old. But what he absolutely must have, in my opinion, is glasses. His appearance should be that of a wise man. His demeanor should convey wisdom and be shaped by experience. The background information is fine so far. With this information, I can form a further impression.;F2;L3;Vibe;;;;;#BEZUG!;#BEZUG!;#BEZUG!;;#BEZUG!;#BEZUG!;#BEZUG!;;#BEZUG!;#BEZUG!;#BEZUG!;;;;;;;
MAIN00019;Create a highly realistic first-person perspective image from the driver-s seat of an Alfa Romeo. The main focus is a brown wooden steering wheel with the Alfa Romeo logo clearly visible in the center. The steering wheel is mounted inside the car, and both of my hands are gripping it naturally at approximately the 9 and 3 o-clock positions. The shot should feel immersive and authentic, as if I am the driver looking down slightly at the wheel. The interior of the Alfa Romeo should be visible in the background, but kept slightly secondary so the steering wheel remains the clear focal point. The entire outside color of the car is red. Inside it is black leather: the car interior accents are black, the background is black, and through the windshield a highway is visible outside. The composition should be cinematic, clean, and visually striking, with realistic lighting, detailed textures, and sharp focus on the steering wheel and hands. No extra hands, no distorted fingers, no blurry logo, no floating steering wheel, no unrealistic dashboard, no incorrect car branding, no cartoon style, no low detail, no text overlays, no watermark.;F1;L3;No Vibe;Edit the existing image with these precise adjustments while keeping the original first-person driving perspective and composition: - Replace the steering wheel badge with an accurate, realistic Alfa Romeo logo, closely matching the official design, with correct shape, colors, proportions, and fine details. The logo must look authentic and clean, not stylized or invented. - Remove the black business shirt from the driver. Since only the forearms and hands are visible, there should be no visible clothing at the wrists or forearms. Show natural bare skin only. - Replace the black pants with blue jeans, visible in a realistic and natural way from the driver-s seated perspective. Keep the brown wooden steering wheel, the hands gripping the wheel, the Alfa Romeo interior, and the red background / red highway atmosphere. Preserve a highly realistic photographic style, with natural anatomy, sharp focus, and consistent lighting. No fake or distorted logo, no extra fingers, no deformed hands, no visible shirt cuffs or sleeves, no black pants, no unrealistic textures, no cartoon look, no blurry details, no incorrect branding, no warped steering wheel.;F2;L3;No Vibe;Edit the existing image and adjust only the steering wheel logo text. Keep the image exactly as it is otherwise. Replace the current incorrect text on the center emblem with the words -ALFA ROMEO- in clear, accurate, uppercase lettering. The text must be curved in a circular path around the inner logo, following the natural round shape of the badge. Make the typography look clean, balanced, realistic, and consistent with an authentic Alfa Romeo emblem. Ensure the spacing, alignment, and curvature of the text are precise and visually natural. Do not change the hands, steering wheel, interior, jeans, perspective, lighting, or background. Only correct the logo text so the badge looks polished, realistic, and accurate. No extra text, no misspelling, no warped letters, no uneven curve, no distorted logo, no changes to composition, no blurry badge, no fake typography.;F2;L3;No Vibe;;;;;#BEZUG!;#BEZUG!;#BEZUG!;;#BEZUG!;#BEZUG!;#BEZUG!;;#BEZUG!;#BEZUG!;#BEZUG!;;;;;;;
MAIN00024;I picture someone lying on a sofa in a quiet room, surrounded by blankets and snacks. The colors are warm and soft, like beige and light brown, and the atmosphere feels slow and unmotivated, generate me an imagine of that.;F1;L2;Vibe;I imagine a person lying on a couch all day, scrolling on their phone. The room is quiet, with soft, dull colors and no sense of urgency, generat me an image of that;F3;L1;Vibe;much warmer tones of colours and she has a typical messy outfit on, generate it new for me;F2;L1;No Vibe;;;;;#BEZUG!;#BEZUG!;#BEZUG!;;#BEZUG!;#BEZUG!;#BEZUG!;;#BEZUG!;#BEZUG!;#BEZUG!;;;;;;;
MAIN00017;Create an image of a frozen margarita. The drink is pale yellowish in a clear cocktail glass that has a skinny stem. On the rim of the glass there is a tajin coating and one slice of a lime. The background is empty, just white space.;F1;L2;No Vibe;the glass of the stem should be skinnier;F2;L1;No Vibe;the image needs to be a bit softer and fainter, not as real;F2;L1;No Vibe;;;;;#BEZUG!;#BEZUG!;#BEZUG!;;#BEZUG!;#BEZUG!;#BEZUG!;;#BEZUG!;#BEZUG!;#BEZUG!;;;;;;;
MAIN00035;Picture the following scene: A carnival wig in purple, and the woman wearing the wig is posing for a photo for her colleague. The whole outfit is colourful for carnival.;F1;L1;No Vibe;The photo was taken at home whilst we were getting ready, not at the carnival itself. So the woman in the photo should be happy, but not quite that happy.;F2;L1;No Vibe;"The picture is too perfect; it should be more realistic.";F2;L1;No Vibe;;;;;#BEZUG!;#BEZUG!;#BEZUG!;;#BEZUG!;#BEZUG!;#BEZUG!;;#BEZUG!;#BEZUG!;#BEZUG!;;;;;;;
MAIN00046;"Generate an image to replicate my description of the word ""wisdom"". Imagine a subject - male - at a crossroad in the forest with 2 distinct paths, one may seem longer, or bendier, just make them a little bit different. Above the forest is a blue sky in which an older version of the subject's face is blended into the blue (40-50% transparent), and it is this face who is guiding/making the decision for the subject, as if guiding him through life. The paths therefore represent decisions one makes, so the image is an abstract representation of Wisdom.";F1;L3;Vibe;Regenerate the image with the same basic elements, but with some changes. I want the face in the sky to be more subtle and blended into the sky colours (like a starwars force ghost). So still present and clear, but as if the face is choosing to step into the background. Zoom the picture out slightly too so that the 2 roads become more distinct, for example one leads into the forest as above, the other leads to another 2 crossroads, symbolising more choices ahead;F3;L2;Vibe;Regenerate the same image, keeping the main elements with a few key changes: I want the face to be completely blue/transparent, so no skin tones present - it is really like a mental ghost overlooking the subject. Keep the colour palette on the trees, but make the left side road a bit darker and more mysterious - doesn't ned to be scary just more ambiguous to represent that decision;F2;L3;Vibe;;;;;#BEZUG!;#BEZUG!;#BEZUG!;;#BEZUG!;#BEZUG!;#BEZUG!;;#BEZUG!;#BEZUG!;#BEZUG!;;;;;;;
MAIN00040;Draw a picture of a four-leaf clover. The clover is growing in a garden where the grass has been cut very short. A brown wooden fence can be seen in the background.;F1;L1;No Vibe;I want the cloverleaf to be bigger. The angle should be steeper. There shouldn't be a gap in the fence;F2;L1;No Vibe;Make the picture more realistic, so that it looks like a real photo;F2;L1;No Vibe;;;;;#BEZUG!;#BEZUG!;#BEZUG!;;#BEZUG!;#BEZUG!;#BEZUG!;;#BEZUG!;#BEZUG!;#BEZUG!;;;;;;;
MAIN00045;"create an image for this description: When I think of ""Glacier,"" I picture a massive river of blue-white ice stretching between dark, rocky mountain ridges under a pale overcast sky, its surface carved with deep crevasses that reveal layers of compressed ice in shades of turquoise and cobalt. At its base, meltwater pools into a milky, sediment-laden lake with a faint teal hue, while chunks of ice calve off the glacier's jagged front edge. The surrounding landscape is stark and treeless - just raw stone, snow patches, and cold mist hanging in the valley.";F1;L3;No Vibe;Create a highly detailed, photorealistic image of a vast glacier flowing like a frozen river through a rugged mountain valley. The glacier is composed of dense blue-white ice, with dramatic deep crevasses cutting through its surface, revealing layered tones of turquoise, cobalt, and translucent ice. It stretches between steep, dark, rocky ridges that rise sharply on both sides. Above, a pale, overcast sky diffuses soft, cold light across the scene, enhancing the icy textures. At the glacier-s jagged terminus, chunks of ice are actively calving off into a milky, sediment-rich glacial lake below, tinted with a subtle teal hue. The surrounding environment is stark and desolate-no vegetation, only raw stone, scattered snow patches, and fine mist drifting through the valley. The atmosphere should feel cold, remote, and awe-inspiring, with a sense of scale and natural power. Style: ultra-realistic, cinematic lighting, high resolution, sharp textures, wide-angle composition.;F3;L3;Vibe;"Photorealistic wide-angle view of a _____ glacier flowing through a steep, rocky mountain valley. Blue-white ice with deep crevasses exposing layered turquoise and cobalt tones. Jagged glacier terminus calving into a milky teal glacial lake. Dark, barren ridges on both sides; no vegetation. Pale overcast sky with cold, diffused light. Thin mist drifting across raw stone and snow patches. Style: ultra-realistic, cinematic, high detail, sharp textures, natural colors, dramatic scale.";F3;L3;No Vibe;;;;;#BEZUG!;#BEZUG!;#BEZUG!;;#BEZUG!;#BEZUG!;#BEZUG!;;#BEZUG!;#BEZUG!;#BEZUG!;;;;;;;
MAIN00011;I need you to generate my mental image of Anger which is a blazing fire in multiple colors (red, orange and yellow). It is surronded by stones to keep it contained. Otherwise, there is not much around the fire;F1;L1;No Vibe;The fire needs to look more hostile, more like there could be danger with this fire. It looks more like a campfire at the moment and it needs to look more dangerous;F2;L2;Vibe;The fire needs to look more dangerous. the image needs to represent a fire that is no longer safe to be around and that the people who are in the immediate vicinity or in the surrounding area need to evacuate right away so that the fire doesn't get to them;F2;L2;Vibe;;;;;#BEZUG!;#BEZUG!;#BEZUG!;;#BEZUG!;#BEZUG!;#BEZUG!;;#BEZUG!;#BEZUG!;#BEZUG!;;;;;;;
MAIN00018;gerate an image of a microscope: white background, black knobs, black eye piece and grey objective piece;F1;L1;No Vibe;now mirror this image;F2;L1;No Vibe;make it not so curvy;F2;L1;No Vibe;;;;;#BEZUG!;#BEZUG!;#BEZUG!;;#BEZUG!;#BEZUG!;#BEZUG!;;#BEZUG!;#BEZUG!;#BEZUG!;;;;;;;
MAIN00023;create me a picture with a dark grren brown lake and the sun is shining into it;F1;L1;No Vibe;it should be more trees and the perspective should be from outside so that you can see grass and stones;F2;L1;No Vibe;it should be a swimlake so that people can swim in there. It looks like a hidden lake;F2;L1;No Vibe;;;;;#BEZUG!;#BEZUG!;#BEZUG!;;#BEZUG!;#BEZUG!;#BEZUG!;;#BEZUG!;#BEZUG!;#BEZUG!;;;;;;;
MAIN00003;Could you please create an image for me? It should show a mango margarita in a glass on a wooden table in a restaurant.;F1;L1;No Vibe;"Please remove the mango pieces from the margarita and the lime wedge from the rim of the glass. Also, don-t present the glass as a goblet; make it slightly flatter.";F2;L2;No Vibe;Please serve the margarita a bit more liquid, not like a slushy.;F2;L1;No Vibe;;;;;#BEZUG!;#BEZUG!;#BEZUG!;;#BEZUG!;#BEZUG!;#BEZUG!;;#BEZUG!;#BEZUG!;#BEZUG!;;;;;;;
MAIN00021;Creat a normal house close to the emoji of a house with red rooftop and not a flat rooftop. Light colours and a red wooden door;F1;L1;No Vibe;This has way too many details. Make it simpler;F2;L1;No Vibe;Even simpler;F2;L1;No Vibe;;;;;#BEZUG!;#BEZUG!;#BEZUG!;;#BEZUG!;#BEZUG!;#BEZUG!;;#BEZUG!;#BEZUG!;#BEZUG!;;;;;;;
MAIN00030;"Create an image depicting my description of the word ""Justice"". Show me a typical courtroom with dark brown benches. Add a jury consisting of two lines of each 10 people. the Jury has man and women with different ages and ethniticities. The male judge sits at the front, elevated, in the center and wears a black robe and is holding a small dark wooden hammer (gavel). The lawyer sitting on the left side is a man wearing a dark suit and his client is a woman with black hair and wears a purple silky blouse. The lawyer on the right side is a woman. She wears an elegant simple dark suite. Her male client wears a dark gray suit. There are a few spectators sitting across the benches. The entrance is guarded by two male police man in black uniforms. The perspective of the picture is from the entrance looking at the judge, meaning that we cannot see more faces other than the one from the judge and the jury";F1;L3;No Vibe;Change the picture using the following instructions. The jury should sit on the right side facing the left wall. One row behind the other and each row has 10 people. The row in the back sits slightly elevated. The female lawyer on the right, is prettier and has longer brown hair with waves. The lawyer to the left is younger. The benches are less bulky. Zoom out to show the whole room;F2;L2;No Vibe;1. the police officers should remain in the same position as in the first generated picture 2. the jury consists of two rows of each 10 person. The first row is located in front of the second jury row and sits elevated. 3. The lawyer on the right side is thiner and younger looking 4. dont add spectators that look like the client on the left;F2;L3;No Vibe;;;;;#BEZUG!;#BEZUG!;#BEZUG!;;#BEZUG!;#BEZUG!;#BEZUG!;;#BEZUG!;#BEZUG!;#BEZUG!;;;;;;;
MAIN00002;Create a picture, which i created in my mind. It's a white room with no walls. The room has no start and no end. The room feels warm and calm. There are people with me and they are talking with me.;F1;L1;Vibe;Create a surreal scene of an infinite white room with no walls, no corners, and no visible boundaries. The space stretches endlessly in all directions and is filled with soft, warm light that creates a calm and peaceful atmosphere. A few people stand with me in this limitless space, casually talking and interacting in a relaxed and friendly way. The environment is minimalistic, dreamlike, and tranquil, with only people, light, and the feeling of an endless, serene space.;F3;L2;Vibe;Create a surreal scene of an endless white expanse that feels like a room but has no walls, edges, ceiling, or floor. The space fades smoothly into infinity in every direction, with no visible boundaries or horizon. Everything is illuminated by soft, warm, diffused light that creates a calm and peaceful atmosphere. A few people are present with me in this limitless space, standing close and talking naturally. The figures appear small compared to the vast emptiness around them, emphasizing the feeling of infinite space. The scene is minimal, quiet, dreamlike, and serene, with nothing but people, light, and the sense of boundless infinity.;F3;L3;Vibe;;;;;#BEZUG!;#BEZUG!;#BEZUG!;;#BEZUG!;#BEZUG!;#BEZUG!;;#BEZUG!;#BEZUG!;#BEZUG!;;;;;;;
MAIN00031;Okay letsgo - generate an image from my perspective (my eyes) : Costa Rica, it's dark, at a beach party. I'm on some shroomies vibing to the music. colours purple ish. I can't see the dj, just people dancing below me. I'm only a tiny bit higher standing on an elevation. there's some costa rica type triangular sheet things to set the stage next to the dj with some drawings on it, nothing concrete. palmtrees all around and especially behind the dj. remember it's rather dark but. it's a warm vibe, lots of love, calm and care.;F1;L3;Vibe;okay, less people. It's mellow, not crazy. The triangle things are kind of floating - not on the gound & they're black and white, no colours. put the persepective a bit more to the left, i was not center. letsgo a bit warmer lights, also on the people.;F2;L1;Vibe;okay i was looking slightly but just slightly down on the dj stage. closer than this. less black on the triangles and thes were much simpler with bamboo.;F2;L1;No Vibe;;;;;#BEZUG!;#BEZUG!;#BEZUG!;;#BEZUG!;#BEZUG!;#BEZUG!;;#BEZUG!;#BEZUG!;#BEZUG!;;;;;;;
MAIN00007;Create an image of a wig. It has straight waist length hair. no bangs, black roots with spicy red ends. it should be a nice balayage. the wig is on a mannequine with no face. the background is white;F1;L2;No Vibe;"change the vibe of the image for it to be more ""real"" the lightening is natural, the gair more natural and mannequine mor lively";F2;L1;No Vibe;make the arms of the mannequine more realistic, right now it looks like it was cut of;F2;L1;No Vibe;;;;;#BEZUG!;#BEZUG!;#BEZUG!;;#BEZUG!;#BEZUG!;#BEZUG!;;#BEZUG!;#BEZUG!;#BEZUG!;;;;;;;
MAIN00009;"""A cinematic, ethereal representation of Justice. A central, towering figure of light and shadow, wearing flowing translucent robes. Instead of a blindfold, her eyes glow with a soft, neutral gold light. In one hand, she holds a massive, ancient scale made of stardust where a heavy iron chain is perfectly balanced against a single glowing feather. In the other hand, a sword made of clear crystal rests point-down on a marble floor. The background is a vast, swirling nebula of deep blues and vibrant ambers, symbolizing order emerging from chaos.""";F1;L2;Vibe;Do not create the galaxy sky behind the picture;F2;L1;No Vibe;Create the picture with the sword held upwards and the sword not glowing;F2;L1;No Vibe;;;;;#BEZUG!;#BEZUG!;#BEZUG!;;#BEZUG!;#BEZUG!;#BEZUG!;;#BEZUG!;#BEZUG!;#BEZUG!;;;;;;;